{
  "n_d": 128,
  "n_a": 128,
  "n_steps": 2,
  "lr": 0.00534516611064682,
  "weight_decay": 1.0842262717330169e-05,
  "batch_size": 16
}