{
  "single_models": {
    "DeepMLP": {
      "mae": 9.275257397723454,
      "r2": 0.44563060998916626
    },
    "ResNetMLP": {
      "mae": 9.216049522481939,
      "r2": 0.4722013473510742
    },
    "TabNet": {
      "mae": 10.183039183257728,
      "r2": 0.37028735876083374
    }
  },
  "weighted_ensemble": {
    "weights": [
      0.6,
      0.2,
      0.2
    ],
    "mae": 9.202997858806324,
    "r2": 0.46492733250915685
  },
  "stacking_ensemble": {
    "mae": 9.29195711894702,
    "r2": 0.442793312502329
  },
  "xgboost_baseline": {
    "mae": 9.850302446016702,
    "r2": 0.42311427646730615
  }
}