{
  "n_layers": 3,
  "base_dim": 128,
  "dropout": 0.1631073256297944,
  "use_batchnorm": true,
  "activation": "relu",
  "lr": 0.0052320153352142145,
  "weight_decay": 3.151008575895581e-06,
  "batch_size": 16
}